region,date,season,lead_day,forecast_rainfall,actual_rainfall,ensemble_mean,ensemble_spread,precipitable_water,cape,cin,wind_shear,vorticity,bsiso_phase
Kerala,2018-08-15,Monsoon,3,82,214,89,52,62,2100,-85,18,5.2,4
Kerala,2018-08-16,Monsoon,2,95,198,101,48,58,1900,-70,16,4.8,4
Kerala,2019-07-22,Monsoon,3,68,142,72,39,55,1750,-90,14,3.9,2
Konkan & Goa,2019-07-10,Monsoon,4,105,87,98,35,49,1400,-65,12,3.2,3
Konkan & Goa,2020-08-05,Monsoon,2,78,156,82,44,54,1800,-75,17,4.5,5
Madhya Maharashtra,2019-09-12,Monsoon,3,42,38,45,22,41,1100,-55,9,2.1,6
Assam & Meghalaya,2020-06-18,Monsoon,5,120,185,115,58,64,2400,-95,22,6.3,1
Assam & Meghalaya,2021-07-03,Monsoon,3,88,152,92,47,59,2050,-80,19,5.5,3
Odisha,2019-10-15,Post-Monsoon,4,65,48,62,28,43,1250,-60,11,2.8,7
West Madhya Pradesh,2020-08-22,Monsoon,3,35,32,38,18,38,950,-45,8,1.9,2
